fitting_x,fitting_t,fitting_u_zero,fitting_u_labels
0.0,0.0,-0.04835659912317461,-0.04835659912317461
0.034482758620689655,0.0,-0.052978893784105724,-0.052978893784105724
0.06896551724137931,0.0,-0.05330306430228992,-0.05330306430228992
0.10344827586206896,0.0,-0.049289100453234605,-0.049289100453234605
0.13793103448275862,0.0,-0.04123887661445364,-0.04123887661445364
0.1724137931034483,0.0,-0.029773607570302788,-0.029773607570302788
0.20689655172413793,0.0,-0.015786597334876615,-0.015786597334876615
0.24137931034482757,0.0,-0.00037483867151723825,-0.00037483867151723825
0.27586206896551724,0.0,0.015245362241959496,0.015245362241959496
0.3103448275862069,0.0,0.029832332862584403,0.029832332862584403
0.3448275862068966,0.0,0.042215402538543674,0.042215402538543674
0.3793103448275862,0.0,0.0513863327298903,0.0513863327298903
0.41379310344827586,0.0,0.05657879688595213,0.05657879688595213
0.4482758620689655,0.0,0.05732977569564868,0.05732977569564868
0.48275862068965514,0.0,0.05351807809459297,0.05351807809459297
0.5172413793103449,0.0,0.0453769101410844,0.0453769101410844
0.5517241379310345,0.0,0.033479365293817884,0.033479365293817884
0.5862068965517241,0.0,0.01869775502214432,0.01869775502214432
0.6206896551724138,0.0,0.002139684818084426,0.002139684818084426
0.6551724137931034,0.0,-0.014934441788852887,-0.014934441788852887
0.6896551724137931,0.0,-0.031206373992368898,-0.031206373992368898
0.7241379310344828,0.0,-0.04540031951318762,-0.04540031951318762
0.7586206896551724,0.0,-0.05638105117934395,-0.05638105117934395
0.7931034482758621,0.0,-0.06324237021983635,-0.06324237021983635
0.8275862068965517,0.0,-0.06537915192034432,-0.06537915192034432
0.8620689655172413,0.0,-0.06253738151378109,-0.06253738151378109
0.896551724137931,0.0,-0.05483819747871052,-0.05483819747871052
0.9310344827586207,0.0,-0.042773878110500776,-0.042773878110500776
0.9655172413793103,0.0,-0.027175793987340532,-0.027175793987340532
1.0,0.0,-0.009156449200947662,-0.009156449200947662
0.0,0.034482758620689655,-0.04835659912317461,-0.04041895763627073
0.034482758620689655,0.034482758620689655,-0.052978893784105724,-0.05123126002333789
0.06896551724137931,0.034482758620689655,-0.05330306430228992,-0.051847443900277006
0.10344827586206896,0.034482758620689655,-0.049289100453234605,-0.04793470922485911
0.13793103448275862,0.034482758620689655,-0.04123887661445364,-0.03996430903024558
0.1724137931034483,0.034482758620689655,-0.029773607570302788,-0.028832311540049546
0.20689655172413793,0.034482758620689655,-0.015786597334876615,-0.015219176423312886
0.24137931034482757,0.034482758620689655,-0.00037483867151723825,-0.00032325030578037414
0.27586206896551724,0.034482758620689655,0.015245362241959496,0.014827331498504424
0.3103448275862069,0.034482758620689655,0.029832332862584403,0.028944652178621993
0.3448275862068966,0.034482758620689655,0.042215402538543674,0.041013525567716994
0.3793103448275862,0.034482758620689655,0.0513863327298903,0.04996825487019337
0.41379310344827586,0.034482758620689655,0.05657879688595213,0.055133660905775095
0.4482758620689655,0.034482758620689655,0.05732977569564868,0.05595487616081814
0.48275862068965514,0.034482758620689655,0.05351807809459297,0.05234400875430804
0.5172413793103449,0.034482758620689655,0.0453769101410844,0.04443215480356161
0.5517241379310345,0.034482758620689655,0.033479365293817884,0.032813810922438895
0.5862068965517241,0.034482758620689655,0.01869775502214432,0.018285126644696247
0.6206896551724138,0.034482758620689655,0.002139684818084426,0.002004403697816064
0.6551724137931034,0.034482758620689655,-0.014934441788852887,-0.014819712679077335
0.6896551724137931,0.034482758620689655,-0.031206373992368898,-0.030788202898210063
0.7241379310344828,0.034482758620689655,-0.04540031951318762,-0.044702666243780435
0.7586206896551724,0.034482758620689655,-0.05638105117934395,-0.0553365371042644
0.7931034482758621,0.034482758620689655,-0.06324237021983635,-0.061943678951942846
0.8275862068965517,0.034482758620689655,-0.06537915192034432,-0.06379772296045072
0.8620689655172413,0.034482758620689655,-0.06253738151378109,-0.06091697200564647
0.896551724137931,0.034482758620689655,-0.05483819747871052,-0.05316754298528071
0.9310344827586207,0.034482758620689655,-0.042773878110500776,-0.04150886387309151
0.9655172413793103,0.034482758620689655,-0.027175793987340532,-0.027313573956383962
1.0,0.034482758620689655,-0.009156449200947662,-0.023982104697056417
0.0,0.06896551724137931,-0.04835659912317461,-0.039332534455358024
0.034482758620689655,0.06896551724137931,-0.052978893784105724,-0.04843269115666015
0.06896551724137931,0.06896551724137931,-0.05330306430228992,-0.0502999821917086
0.10344827586206896,0.06896551724137931,-0.049289100453234605,-0.04654469519146694
0.13793103448275862,0.06896551724137931,-0.04123887661445364,-0.03879347434438172
0.1724137931034483,0.06896551724137931,-0.029773607570302788,-0.02790112665548641
0.20689655172413793,0.06896551724137931,-0.015786597334876615,-0.014713137049446318
0.24137931034482757,0.06896551724137931,-0.00037483867151723825,-0.0002483667064502433
0.27586206896551724,0.06896551724137931,0.015245362241959496,0.014406936124199785
0.3103448275862069,0.06896551724137931,0.029832332862584403,0.028123575417128364
0.3448275862068966,0.06896551724137931,0.042215402538543674,0.03984587384703951
0.3793103448275862,0.06896551724137931,0.0513863327298903,0.04862267195391743
0.41379310344827586,0.06896551724137931,0.05657879688595213,0.053714264562939006
0.4482758620689655,0.06896551724137931,0.05732977569564868,0.054621068481534786
0.48275862068965514,0.06896551724137931,0.05351807809459297,0.051165295678128574
0.5172413793103449,0.06896551724137931,0.0453769101410844,0.04349741435824464
0.5517241379310345,0.06896551724137931,0.033479365293817884,0.03212721949313145
0.5862068965517241,0.06896551724137931,0.01869775502214432,0.01787923815875144
0.6206896551724138,0.06896551724137931,0.002139684818084426,0.001854221303606028
0.6551724137931034,0.06896551724137931,-0.014934441788852887,-0.014679394250186491
0.6896551724137931,0.06896551724137931,-0.031206373992368898,-0.03037723673785165
0.7241379310344828,0.06896551724137931,-0.04540031951318762,-0.04396396739264254
0.7586206896551724,0.06896551724137931,-0.05638105117934395,-0.05431984452441924
0.7931034482758621,0.06896551724137931,-0.06324237021983635,-0.06061068298013251
0.8275862068965517,0.06896551724137931,-0.06537915192034432,-0.062306570836286074
0.8620689655172413,0.06896551724137931,-0.06253738151378109,-0.05927087257457099
0.896551724137931,0.06896551724137931,-0.05483819747871052,-0.05171688889471141
0.9310344827586207,0.06896551724137931,-0.042773878110500776,-0.040732322597342524
0.9655172413793103,0.06896551724137931,-0.027175793987340532,-0.030449322886318412
1.0,0.06896551724137931,-0.009156449200947662,-0.029491858388067883
0.0,0.10344827586206896,-0.04835659912317461,-0.0393750863172199
0.034482758620689655,0.10344827586206896,-0.052978893784105724,-0.04648172938928534
0.06896551724137931,0.10344827586206896,-0.05330306430228992,-0.04853927382935905
0.10344827586206896,0.10344827586206896,-0.049289100453234605,-0.0451599729044492
0.13793103448275862,0.10344827586206896,-0.04123887661445364,-0.03764312357661874
0.1724137931034483,0.10344827586206896,-0.029773607570302788,-0.027029933128427806
0.20689655172413793,0.10344827586206896,-0.015786597334876615,-0.014220522845565943
0.24137931034482757,0.10344827586206896,-0.00037483867151723825,-0.0001891412106004805
0.27586206896551724,0.10344827586206896,0.015245362241959496,0.014017491670712342
0.3103448275862069,0.10344827586206896,0.029832332862584403,0.02733289449081142
0.3448275862068966,0.10344827586206896,0.042215402538543674,0.038737517934019805
0.3793103448275862,0.10344827586206896,0.0513863327298903,0.047319672948590304
0.41379310344827586,0.10344827586206896,0.05657879688595213,0.0523432473175143
0.4482758620689655,0.10344827586206896,0.05732977569564868,0.05330725983760567
0.48275862068965514,0.10344827586206896,0.05351807809459297,0.05000374614504619
0.5172413793103449,0.10344827586206896,0.0453769101410844,0.04255657685991523
0.5517241379310345,0.10344827586206896,0.033479365293817884,0.03144023961970181
0.5862068965517241,0.10344827586206896,0.01869775502214432,0.01746244655118436
0.6206896551724138,0.10344827586206896,0.002139684818084426,0.0017110253079613844
0.6551724137931034,0.10344827586206896,-0.014934441788852887,-0.014539182402028502
0.6896551724137931,0.10344827586206896,-0.031206373992368898,-0.029944632517341644
0.7241379310344828,0.10344827586206896,-0.04540031951318762,-0.043225379200705585
0.7586206896551724,0.10344827586206896,-0.05638105117934395,-0.05328512599488289
0.7931034482758621,0.10344827586206896,-0.06324237021983635,-0.059309563968355274
0.8275862068965517,0.10344827586206896,-0.06537915192034432,-0.060823601709655506
0.8620689655172413,0.10344827586206896,-0.06253738151378109,-0.057735192034288334
0.896551724137931,0.10344827586206896,-0.05483819747871052,-0.050490770896693765
0.9310344827586207,0.10344827586206896,-0.042773878110500776,-0.04083700506234729
0.9655172413793103,0.10344827586206896,-0.027175793987340532,-0.03309734792614584
1.0,0.10344827586206896,-0.009156449200947662,-0.032632724203958914
0.0,0.13793103448275862,-0.04835659912317461,-0.039642782276611235
0.034482758620689655,0.13793103448275862,-0.052978893784105724,-0.0451176641310821
0.06896551724137931,0.13793103448275862,-0.05330306430228992,-0.04687469492571357
0.10344827586206896,0.13793103448275862,-0.049289100453234605,-0.04375374878204478
0.13793103448275862,0.13793103448275862,-0.04123887661445364,-0.03651431114050328
0.1724137931034483,0.13793103448275862,-0.029773607570302788,-0.026196801346494155
0.20689655172413793,0.13793103448275862,-0.015786597334876615,-0.013750937342554533
0.24137931034482757,0.13793103448275862,-0.00037483867151723825,-0.00013458863883999075
0.27586206896551724,0.13793103448275862,0.015245362241959496,0.01364770571300411
0.3103448275862069,0.13793103448275862,0.029832332862584403,0.026577715340543817
0.3448275862068966,0.13793103448275862,0.042215402538543674,0.03767682715702136
0.3793103448275862,0.13793103448275862,0.0513863327298903,0.046063286581325066
0.41379310344827586,0.13793103448275862,0.05657879688595213,0.0510127621607086
0.4482758620689655,0.13793103448275862,0.05732977569564868,0.05201963748579181
0.48275862068965514,0.13793103448275862,0.05351807809459297,0.0488556475908004
0.5172413793103449,0.13793103448275862,0.0453769101410844,0.04161704381877324
0.5517241379310345,0.13793103448275862,0.033479365293817884,0.03074994622314394
0.5862068965517241,0.13793103448275862,0.01869775502214432,0.017041568552816723
0.6206896551724138,0.13793103448275862,0.002139684818084426,0.0015693740280369479
0.6551724137931034,0.13793103448275862,-0.014934441788852887,-0.014392749970752586
0.6896551724137931,0.13793103448275862,-0.031206373992368898,-0.029500624911565777
0.7241379310344828,0.13793103448275862,-0.04540031951318762,-0.04247889111521175
0.7586206896551724,0.13793103448275862,-0.05638105117934395,-0.052248795598206076
0.7931034482758621,0.13793103448275862,-0.06324237021983635,-0.058025764248211105
0.8275862068965517,0.13793103448275862,-0.06537915192034432,-0.0593826525745712
0.8620689655172413,0.13793103448275862,-0.06253738151378109,-0.05633016450230186
0.896551724137931,0.13793103448275862,-0.05483819747871052,-0.04959540402081052
0.9310344827586207,0.13793103448275862,-0.042773878110500776,-0.04127879249420774
0.9655172413793103,0.13793103448275862,-0.027175793987340532,-0.03516600223030434
1.0,0.13793103448275862,-0.009156449200947662,-0.03477333483684661
0.0,0.1724137931034483,-0.04835659912317461,-0.03993162049776045
0.034482758620689655,0.1724137931034483,-0.052978893784105724,-0.044104072635467666
0.06896551724137931,0.1724137931034483,-0.05330306430228992,-0.04538610407503062
0.10344827586206896,0.1724137931034483,-0.049289100453234605,-0.04237383968440623
0.13793103448275862,0.1724137931034483,-0.04123887661445364,-0.035402720271649514
0.1724137931034483,0.1724137931034483,-0.029773607570302788,-0.02539230227888074
0.20689655172413793,0.1724137931034483,-0.015786597334876615,-0.013302314513336279
0.24137931034482757,0.1724137931034483,-0.00037483867151723825,-8.314954509464713e-05
0.27586206896551724,0.1724137931034483,0.015245362241959496,0.013294943454291858
0.3103448275862069,0.1724137931034483,0.029832332862584403,0.025855968058752423
0.3448275862068966,0.1724137931034483,0.042215402538543674,0.0366594873818943
0.3793103448275862,0.1724137931034483,0.0513863327298903,0.044851479834864115
0.41379310344827586,0.1724137931034483,0.05657879688595213,0.049720680998132274
0.4482758620689655,0.1724137931034483,0.05732977569564868,0.050758951284299095
0.48275862068965514,0.1724137931034483,0.05351807809459297,0.04772187773563538
0.5172413793103449,0.1724137931034483,0.0453769101410844,0.04068135064752984
0.5517241379310345,0.1724137931034483,0.033479365293817884,0.030057877027063754
0.5862068965517241,0.1724137931034483,0.01869775502214432,0.016618484489223605
0.6206896551724138,0.1724137931034483,0.002139684818084426,0.001429196272921837
0.6551724137931034,0.1724137931034483,-0.014934441788852887,-0.014240119350375972
0.6896551724137931,0.1724137931034483,-0.031206373992368898,-0.029047681465987567
0.7241379310344828,0.1724137931034483,-0.04540031951318762,-0.04172599634895703
0.7586206896551724,0.1724137931034483,-0.05638105117934395,-0.051215109110218544
0.7931034482758621,0.1724137931034483,-0.06324237021983635,-0.05676351245478058
0.8275862068965517,0.1724137931034483,-0.06537915192034432,-0.05800522071616748
0.8620689655172413,0.1724137931034483,-0.06253738151378109,-0.0550853478287645
0.896551724137931,0.1724137931034483,-0.05483819747871052,-0.04896200774191216
0.9310344827586207,0.1724137931034483,-0.042773878110500776,-0.041809403109341337
0.9655172413793103,0.1724137931034483,-0.027175793987340532,-0.036794941375533075
1.0,0.1724137931034483,-0.009156449200947662,-0.03635202461581128
0.0,0.20689655172413793,-0.04835659912317461,-0.04018489666740252
0.034482758620689655,0.20689655172413793,-0.052978893784105724,-0.043304280112266724
0.06896551724137931,0.20689655172413793,-0.05330306430228992,-0.04407001199841481
0.10344827586206896,0.20689655172413793,-0.049289100453234605,-0.041056467183683235
0.13793103448275862,0.20689655172413793,-0.04123887661445364,-0.03431573247955547
0.1724137931034483,0.20689655172413793,-0.029773607570302788,-0.024611195949264142
0.20689655172413793,0.20689655172413793,-0.015786597334876615,-0.012871150706223576
0.24137931034482757,0.20689655172413793,-0.00037483867151723825,-3.403907674274432e-05
0.27586206896551724,0.20689655172413793,0.015245362241959496,0.012957763051429972
0.3103448275862069,0.20689655172413793,0.029832332862584403,0.025165070242189745
0.3448275862068966,0.20689655172413793,0.042215402538543674,0.03568233625616127
0.3793103448275862,0.20689655172413793,0.0513863327298903,0.04368172063280004
0.41379310344827586,0.20689655172413793,0.05657879688595213,0.048465525816813716
0.4482758620689655,0.20689655172413793,0.05732977569564868,0.049525236264620506
0.48275862068965514,0.20689655172413793,0.05351807809459297,0.04660357678149212
0.5172413793103449,0.20689655172413793,0.0453769101410844,0.039751359185243806
0.5517241379310345,0.20689655172413793,0.033479365293817884,0.029365846391460095
0.5862068965517241,0.20689655172413793,0.01869775502214432,0.01619453625409158
0.6206896551724138,0.20689655172413793,0.002139684818084426,0.001290871316758583
0.6551724137931034,0.20689655172413793,-0.014934441788852887,-0.01408189664756281
0.6896551724137931,0.20689655172413793,-0.031206373992368898,-0.028587497138166128
0.7241379310344828,0.20689655172413793,-0.04540031951318762,-0.04096911044354813
0.7586206896551724,0.20689655172413793,-0.05638105117934395,-0.05018804746002649
0.7931034482758621,0.20689655172413793,-0.06324237021983635,-0.05553158675525946
0.8275862068965517,0.20689655172413793,-0.06537915192034432,-0.05670839481121991
0.8620689655172413,0.20689655172413793,-0.06253738151378109,-0.053998790552936965
0.896551724137931,0.20689655172413793,-0.05483819747871052,-0.048507530623170696
0.9310344827586207,0.20689655172413793,-0.042773878110500776,-0.042330595997484295
0.9655172413793103,0.20689655172413793,-0.027175793987340532,-0.03809626481924584
1.0,0.20689655172413793,-0.009156449200947662,-0.0375635432057547
0.0,0.24137931034482757,-0.04835659912317461,-0.040387032076955265
0.034482758620689655,0.24137931034482757,-0.052978893784105724,-0.04264019963982566
0.06896551724137931,0.24137931034482757,-0.05330306430228992,-0.04290252845319551
0.10344827586206896,0.24137931034482757,-0.049289100453234605,-0.03981840571130697
0.13793103448275862,0.24137931034482757,-0.04123887661445364,-0.03326364537852488
0.1724137931034483,0.24137931034482757,-0.029773607570302788,-0.023852343882917033
0.20689655172413793,0.24137931034482757,-0.015786597334876615,-0.0124545339458024
0.24137931034482757,0.24137931034482757,-0.00037483867151723825,1.3646299296473794e-05
0.27586206896551724,0.24137931034482757,0.015245362241959496,0.012635070653614485
0.3103448275862069,0.24137931034482757,0.029832332862584403,0.02450268803346355
0.3448275862068966,0.24137931034482757,0.042215402538543674,0.03474259210201265
0.3793103448275862,0.24137931034482757,0.0513863327298903,0.04255162022980728
0.41379310344827586,0.24137931034482757,0.05657879688595213,0.04724590172506929
0.4482758620689655,0.24137931034482757,0.05732977569564868,0.04831836420644886
0.48275862068965514,0.24137931034482757,0.05351807809459297,0.04550171679929481
0.5172413793103449,0.24137931034482757,0.0453769101410844,0.038828693793882874
0.5517241379310345,0.24137931034482757,0.033479365293817884,0.02867553732349478
0.5862068965517241,0.24137931034482757,0.01869775502214432,0.01577093857313591
0.6206896551724138,0.24137931034482757,0.002139684818084426,0.0011547629285276059
0.6551724137931034,0.24137931034482757,-0.014934441788852887,-0.0139187242642937
0.6896551724137931,0.24137931034482757,-0.031206373992368898,-0.028121716353660373
0.7241379310344828,0.24137931034482757,-0.04540031951318762,-0.040210975154158876
0.7586206896551724,0.24137931034482757,-0.05638105117934395,-0.04917261359343414
0.7931034482758621,0.24137931034482757,-0.06324237021983635,-0.05433924277365053
0.8275862068965517,0.24137931034482757,-0.06537915192034432,-0.055500346337466124
0.8620689655172413,0.24137931034482757,-0.06253738151378109,-0.05305164781683849
0.896551724137931,0.24137931034482757,-0.05483819747871052,-0.04816946020976023
0.9310344827586207,0.24137931034482757,-0.042773878110500776,-0.04280481047719327
0.9655172413793103,0.24137931034482757,-0.027175793987340532,-0.03914730296388899
1.0,0.24137931034482757,-0.009156449200947662,-0.03851319407004342
0.0,0.27586206896551724,-0.04835659912317461,-0.04053604672670903
0.034482758620689655,0.27586206896551724,-0.052978893784105724,-0.042065539492544594
0.06896551724137931,0.27586206896551724,-0.05330306430228992,-0.04185840787018926
0.10344827586206896,0.27586206896551724,-0.049289100453234605,-0.038663944338394145
0.13793103448275862,0.27586206896551724,-0.04123887661445364,-0.03225459941640021
0.1724137931034483,0.27586206896551724,-0.029773607570302788,-0.02311708754426588
0.20689655172413793,0.27586206896551724,-0.015786597334876615,-0.012050777100127771
0.24137931034482757,0.27586206896551724,-0.00037483867151723825,6.0741155780915376e-05
0.27586206896551724,0.27586206896551724,0.015245362241959496,0.012326020453511628
0.3103448275862069,0.27586206896551724,0.029832332862584403,0.023866779029015312
0.3448275862068966,0.27586206896551724,0.042215402538543674,0.03383776031571125
0.3793103448275862,0.27586206896551724,0.0513863327298903,0.04145897351215467
0.41379310344827586,0.27586206896551724,0.05657879688595213,0.04606046209387315
0.4482758620689655,0.27586206896551724,0.05732977569564868,0.04713811052519465
0.48275862068965514,0.27586206896551724,0.05351807809459297,0.04441709544553535
0.5172413793103449,0.27586206896551724,0.0453769101410844,0.03791478464733424
0.5517241379310345,0.27586206896551724,0.033479365293817884,0.027988476909202923
0.5862068965517241,0.27586206896551724,0.01869775502214432,0.015348801013481456
0.6206896551724138,0.27586206896551724,0.002139684818084426,0.0010211868660445584
0.6551724137931034,0.27586206896551724,-0.014934441788852887,-0.013751263728969858
0.6896551724137931,0.27586206896551724,-0.031206373992368898,-0.027652063221709103
0.7241379310344828,0.27586206896551724,-0.04540031951318762,-0.039454730051503475
0.7586206896551724,0.27586206896551724,-0.05638105117934395,-0.04817430013726534
0.7931034482758621,0.27586206896551724,-0.06324237021983635,-0.053193723169507975
0.8275862068965517,0.27586206896551724,-0.06537915192034432,-0.05438137444932327
0.8620689655172413,0.27586206896551724,-0.06253738151378109,-0.052220833188094354
0.896551724137931,0.27586206896551724,-0.05483819747871052,-0.047905287788524854
0.9310344827586207,0.27586206896551724,-0.042773878110500776,-0.04321929952998373
0.9655172413793103,0.27586206896551724,-0.027175793987340532,-0.04000174428534508
1.0,0.27586206896551724,-0.009156449200947662,-0.039265360362849486
0.0,0.3103448275862069,-0.04835659912317461,-0.040634762325123
0.034482758620689655,0.3103448275862069,-0.052978893784105724,-0.04155175361314603
0.06896551724137931,0.3103448275862069,-0.05330306430228992,-0.0409159025424824
0.10344827586206896,0.3103448275862069,-0.049289100453234605,-0.03759085938596808
0.13793103448275862,0.3103448275862069,-0.04123887661445364,-0.031293490346778044
0.1724137931034483,0.3103448275862069,-0.029773607570302788,-0.022407601174434206
0.20689655172413793,0.3103448275862069,-0.015786597334876615,-0.011659327520345219
0.24137931034482757,0.3103448275862069,-0.00037483867151723825,0.00010778370218608773
0.27586206896551724,0.3103448275862069,0.015245362241959496,0.012029920024312177
0.3103448275862069,0.3103448275862069,0.029832332862584403,0.02325556591303742
0.3448275862068966,0.3103448275862069,0.042215402538543674,0.03296560377618206
0.3793103448275862,0.3103448275862069,0.0513863327298903,0.04040175023771151
0.41379310344827586,0.3103448275862069,0.05657879688595213,0.04490791342126813
0.4482758620689655,0.3103448275862069,0.05732977569564868,0.0459841784648297
0.48275862068965514,0.3103448275862069,0.05351807809459297,0.04335035773588846
0.5172413793103449,0.3103448275862069,0.0453769101410844,0.03701088372087709
0.5517241379310345,0.3103448275862069,0.033479365293817884,0.02730603933506881
0.5862068965517241,0.3103448275862069,0.01869775502214432,0.014929126450205638
0.6206896551724138,0.3103448275862069,0.002139684818084426,0.0008904013227911368
0.6551724137931034,0.3103448275862069,-0.014934441788852887,-0.013580226372234683
0.6896551724137931,0.3103448275862069,-0.031206373992368898,-0.02718040693865974
0.7241379310344828,0.3103448275862069,-0.04540031951318762,-0.03870379964699427
0.7586206896551724,0.3103448275862069,-0.05638105117934395,-0.047198279549406565
0.7931034482758621,0.3103448275862069,-0.06324237021983635,-0.05209942323521877
0.8275862068965517,0.3103448275862069,-0.06537915192034432,-0.05334684901562771
0.8620689655172413,0.3103448275862069,-0.06253738151378109,-0.05148465830795222
0.896551724137931,0.3103448275862069,-0.05483819747871052,-0.04768681624439005
0.9310344827586207,0.3103448275862069,-0.042773878110500776,-0.04357177228474121
0.9655172413793103,0.3103448275862069,-0.027175793987340532,-0.040697991610253885
1.0,0.3103448275862069,-0.009156449200947662,-0.039862794425469424
0.0,0.3448275862068966,-0.04835659912317461,-0.040687601096099174
0.034482758620689655,0.3448275862068966,-0.052978893784105724,-0.04108060583362998
0.06896551724137931,0.3448275862068966,-0.05330306430228992,-0.040057386004539036
0.10344827586206896,0.3448275862068966,-0.049289100453234605,-0.036593962440651655
0.13793103448275862,0.3448275862068966,-0.04123887661445364,-0.030382436872680784
0.1724137931034483,0.3448275862068966,-0.029773607570302788,-0.021725902944413972
0.20689655172413793,0.3448275862068966,-0.015786597334876615,-0.011280394304069146
0.24137931034482757,0.3448275862068966,-0.00037483867151723825,0.00015493750662958072
0.27586206896551724,0.3448275862068966,0.015245362241959496,0.011746121048739013
0.3103448275862069,0.3448275862068966,0.029832332862584403,0.022667495752887207
0.3448275862068966,0.3448275862068966,0.042215402538543674,0.032124112754027316
0.3793103448275862,0.3448275862068966,0.0513863327298903,0.03937808922583865
0.41379310344827586,0.3448275862068966,0.05657879688595213,0.04378701540226537
0.4482758620689655,0.3448275862068966,0.05732977569564868,0.04485622164504866
0.48275862068965514,0.3448275862068966,0.05351807809459297,0.04230201172682743
0.5172413793103449,0.3448275862068966,0.0453769101410844,0.03611808400410341
0.5517241379310345,0.3448275862068966,0.033479365293817884,0.02662944654805673
0.5862068965517241,0.3448275862068966,0.01869775502214432,0.014512813607416356
0.6206896551724138,0.3448275862068966,0.002139684818084426,0.0007625882543092604
0.6551724137931034,0.3448275862068966,-0.014934441788852887,-0.013406397952531622
0.6896551724137931,0.3448275862068966,-0.031206373992368898,-0.02670876362722388
0.7241379310344828,0.3448275862068966,-0.04540031951318762,-0.03796163596640022
0.7586206896551724,0.3448275862068966,-0.05638105117934395,-0.04624884916967969
0.7931034482758621,0.3448275862068966,-0.06324237021983635,-0.05105811271916628
0.8275862068965517,0.3448275862068966,-0.06537915192034432,-0.0523897197324061
0.8620689655172413,0.3448275862068966,-0.06253738151378109,-0.05082461639935687
0.896551724137931,0.3448275862068966,-0.05483819747871052,-0.04749536879967193
0.9310344827586207,0.3448275862068966,-0.042773878110500776,-0.04386435093465192
0.9655172413793103,0.3448275862068966,-0.027175793987340532,-0.04126441092075146
1.0,0.3448275862068966,-0.009156449200947662,-0.04033561219309255
0.0,0.3793103448275862,-0.04835659912317461,-0.040699298940249144
0.034482758620689655,0.3793103448275862,-0.052978893784105724,-0.040640136425873115
0.06896551724137931,0.3793103448275862,-0.05330306430228992,-0.03926883073887172
0.10344827586206896,0.3793103448275862,-0.049289100453234605,-0.035667003506674205
0.13793103448275862,0.3793103448275862,-0.04123887661445364,-0.029521528772663237
0.1724137931034483,0.3793103448275862,-0.029773607570302788,-0.021073466716288326
0.20689655172413793,0.3793103448275862,-0.015786597334876615,-0.010914549569265844
0.24137931034482757,0.3793103448275862,-0.00037483867151723825,0.00020200492708510957
0.27586206896551724,0.3793103448275862,0.015245362241959496,0.011473968780432388
0.3103448275862069,0.3793103448275862,0.029832332862584403,0.02210116466478377
0.3448275862068966,0.3793103448275862,0.042215402538543674,0.031311498751199485
0.3793103448275862,0.3793103448275862,0.0513863327298903,0.038386266803403034
0.41379310344827586,0.3793103448275862,0.05657879688595213,0.04269660406007933
0.4482758620689655,0.3793103448275862,0.05732977569564868,0.04375383857997025
0.48275862068965514,0.3793103448275862,0.05351807809459297,0.041272465491051805
0.5172413793103449,0.3793103448275862,0.0453769101410844,0.03523731368812472
0.5517241379310345,0.3793103448275862,0.033479365293817884,0.025959793909180406
0.5862068965517241,0.3793103448275862,0.01869775502214432,0.014100633539851337
0.6206896551724138,0.3793103448275862,0.002139684818084426,0.0006378608907923071
0.6551724137931034,0.3793103448275862,-0.014934441788852887,-0.01323067281690969
0.6896551724137931,0.3793103448275862,-0.031206373992368898,-0.026239207595929688
0.7241379310344828,0.3793103448275862,-0.04540031951318762,-0.03723149332838174
0.7586206896551724,0.3793103448275862,-0.05638105117934395,-0.04532918155719576
0.7931034482758621,0.3793103448275862,-0.06324237021983635,-0.050069575893147165
0.8275862068965517,0.3793103448275862,-0.06537915192034432,-0.051502083470045056
0.8620689655172413,0.3793103448275862,-0.06253738151378109,-0.05022559324458486
0.896551724137931,0.3793103448275862,-0.05483819747871052,-0.047318512188764296
0.9310344827586207,0.3793103448275862,-0.042773878110500776,-0.044100946607358686
0.9655172413793103,0.3793103448275862,-0.027175793987340532,-0.04172252463784494
1.0,0.3793103448275862,-0.009156449200947662,-0.04070599851077375
0.0,0.41379310344827586,-0.04835659912317461,-0.04067446444652287
0.034482758620689655,0.41379310344827586,-0.052978893784105724,-0.04022225674743956
0.06896551724137931,0.41379310344827586,-0.05330306430228992,-0.03853915635242827
0.10344827586206896,0.41379310344827586,-0.049289100453234605,-0.03480356080760866
0.13793103448275862,0.41379310344827586,-0.04123887661445364,-0.02870959280408335
0.1724137931034483,0.41379310344827586,-0.029773607570302788,-0.02045106465701938
0.20689655172413793,0.41379310344827586,-0.015786597334876615,-0.010562515215871836
0.24137931034482757,0.41379310344827586,-0.00037483867151723825,0.0002485841485939455
0.27586206896551724,0.41379310344827586,0.015245362241959496,0.011212706538433455
0.3103448275862069,0.41379310344827586,0.029832332862584403,0.021555328366820888
0.3448275862068966,0.41379310344827586,0.042215402538543674,0.03052610631134901
0.3793103448275862,0.41379310344827586,0.0513863327298903,0.03742474068385504
0.41379310344827586,0.41379310344827586,0.05657879688595213,0.04163553829183232
0.4482758620689655,0.41379310344827586,0.05732977569564868,0.04267663803546083
0.48275862068965514,0.41379310344827586,0.05351807809459297,0.04026198908044618
0.5172413793103449,0.41379310344827586,0.0453769101410844,0.03436940253414305
0.5517241379310345,0.41379310344827586,0.033479365293817884,0.025298001384822445
0.5862068965517241,0.41379310344827586,0.01869775502214432,0.013693282801324855
0.6206896551724138,0.41379310344827586,0.002139684818084426,0.0005161960264125397
0.6551724137931034,0.41379310344827586,-0.014934441788852887,-0.013053980881358418
0.6896551724137931,0.41379310344827586,-0.031206373992368898,-0.02577384247279636
0.7241379310344828,0.41379310344827586,-0.04540031951318762,-0.03651617976424417
0.7586206896551724,0.41379310344827586,-0.05638105117934395,-0.04444140629224738
0.7931034482758621,0.41379310344827586,-0.06324237021983635,-0.04913218632849237
0.8275862068965517,0.41379310344827586,-0.06537915192034432,-0.05067616454850186
0.8620689655172413,0.41379310344827586,-0.06253738151378109,-0.04967541076786463
0.896551724137931,0.41379310344827586,-0.05483819747871052,-0.04714798158959312
0.9310344827586207,0.41379310344827586,-0.042773878110500776,-0.04428599218561965
0.9655172413793103,0.41379310344827586,-0.027175793987340532,-0.04208913464034548
1.0,0.41379310344827586,-0.009156449200947662,-0.04099081413632448
0.0,0.4482758620689655,-0.04835659912317461,-0.04061727177346125
0.034482758620689655,0.4482758620689655,-0.052978893784105724,-0.0398214854025551
0.06896551724137931,0.4482758620689655,-0.05330306430228992,-0.03785947946179416
0.10344827586206896,0.4482758620689655,-0.049289100453234605,-0.03399760065983695
0.13793103448275862,0.4482758620689655,-0.04123887661445364,-0.02794458999698335
0.1724137931034483,0.4482758620689655,-0.029773607570302788,-0.019858945349361213
0.20689655172413793,0.4482758620689655,-0.015786597334876615,-0.010224882106301458
0.24137931034482757,0.4482758620689655,-0.00037483867151723825,0.0002940574678853262
0.27586206896551724,0.4482758620689655,0.015245362241959496,0.010961585698480377
0.3103448275862069,0.4482758620689655,0.029832332862584403,0.021028757797419834
0.3448275862068966,0.4482758620689655,0.042215402538543674,0.029766487269677875
0.3793103448275862,0.4482758620689655,0.0513863327298903,0.036492035594621844
0.41379310344827586,0.4482758620689655,0.05657879688595213,0.04060279705833922
0.4482758620689655,0.4482758620689655,0.05732977569564868,0.041624152494250145
0.48275862068965514,0.4482758620689655,0.05351807809459297,0.03927082235607153
0.5172413793103449,0.4482758620689655,0.0453769101410844,0.03351499810934869
0.5517241379310345,0.4482758620689655,0.033479365293817884,0.024644916280233634
0.5862068965517241,0.4482758620689655,0.01869775502214432,0.013291280824147335
0.6206896551724138,0.4482758620689655,0.002139684818084426,0.0003975397550036737
0.6551724137931034,0.4482758620689655,-0.014934441788852887,-0.012877370567868422
0.6896551724137931,0.4482758620689655,-0.031206373992368898,-0.025314592227829294
0.7241379310344828,0.4482758620689655,-0.04540031951318762,-0.035818088723476534
0.7586206896551724,0.4482758620689655,-0.05638105117934395,-0.04358662190920841
0.7931034482758621,0.4482758620689655,-0.06324237021983635,-0.048243558800663604
0.8275862068965517,0.4482758620689655,-0.06537915192034432,-0.049904630221891365
0.8620689655172413,0.4482758620689655,-0.06253738151378109,-0.04916444429293547
0.896551724137931,0.4482758620689655,-0.05483819747871052,-0.04697819192460689
0.9310344827586207,0.4482758620689655,-0.042773878110500776,-0.0444240221482187
0.9655172413793103,0.4482758620689655,-0.027175793987340532,-0.0423775283139309
1.0,0.4482758620689655,-0.009156449200947662,-0.0412033172594237
0.0,0.48275862068965514,-0.04835659912317461,-0.0405315459562855
0.034482758620689655,0.48275862068965514,-0.052978893784105724,-0.039433952178861545
0.06896551724137931,0.48275862068965514,-0.05330306430228992,-0.03722273720187339
0.10344827586206896,0.48275862068965514,-0.049289100453234605,-0.03324352762019429
0.13793103448275862,0.48275862068965514,-0.04123887661445364,-0.027224112379832313
0.1724137931034483,0.48275862068965514,-0.029773607570302788,-0.019296811241970257
0.20689655172413793,0.48275862068965514,-0.015786597334876615,-0.009902156791866177
0.24137931034482757,0.48275862068965514,-0.00037483867151723825,0.00033780499177857906
0.27586206896551724,0.48275862068965514,0.015245362241959496,0.01071975984390703
0.3103448275862069,0.48275862068965514,0.029832332862584403,0.020520333771884783
0.3448275862068966,0.48275862068965514,0.042215402538543674,0.02903126164421981
0.3793103448275862,0.48275862068965514,0.0513863327298903,0.035586836268998216
0.41379310344827586,0.48275862068965514,0.05657879688595213,0.03959737361441235
0.4482758620689655,0.48275862068965514,0.05732977569564868,0.04059594588277666
0.48275862068965514,0.48275862068965514,0.05351807809459297,0.03829908670419344
0.5172413793103449,0.48275862068965514,0.0453769101410844,0.03267467641530432
0.5517241379310345,0.48275862068965514,0.033479365293817884,0.02400121519917976
0.5862068965517241,0.48275862068965514,0.01869775502214432,0.012895080173785748
0.6206896551724138,0.48275862068965514,0.002139684818084426,0.0002816993088022425
0.6551724137931034,0.48275862068965514,-0.014934441788852887,-0.012701846079017108
0.6896551724137931,0.48275862068965514,-0.031206373992368898,-0.024863265044324685
0.7241379310344828,0.48275862068965514,-0.04540031951318762,-0.03513903461548495
0.7586206896551724,0.48275862068965514,-0.05638105117934395,-0.0427652250513025
0.7931034482758621,0.48275862068965514,-0.06324237021983635,-0.047400783151018845
0.8275862068965517,0.48275862068965514,-0.06537915192034432,-0.049180934431830886
0.8620689655172413,0.48275862068965514,-0.06253738151378109,-0.048684983995332345
0.896551724137931,0.48275862068965514,-0.05483819747871052,-0.04680549442387347
0.9310344827586207,0.48275862068965514,-0.042773878110500776,-0.044519282911224076
0.9655172413793103,0.48275862068965514,-0.027175793987340532,-0.042598521698758766
1.0,0.48275862068965514,-0.009156449200947662,-0.04135404948105913
0.0,0.5172413793103449,-0.04835659912317461,-0.040420671999351517
0.034482758620689655,0.5172413793103449,-0.052978893784105724,-0.039056948858311145
0.06896551724137931,0.5172413793103449,-0.05330306430228992,-0.03662320098570562
0.10344827586206896,0.5172413793103449,-0.049289100453234605,-0.03253632848626697
0.13793103448275862,0.5172413793103449,-0.04123887661445364,-0.026545532294493995
0.1724137931034483,0.5172413793103449,-0.029773607570302788,-0.01876402167478433
0.20689655172413793,0.5172413793103449,-0.015786597334876615,-0.009594649085726166
0.24137931034482757,0.5172413793103449,-0.00037483867151723825,0.00037919097333073134
0.27586206896551724,0.5172413793103449,0.015245362241959496,0.010486381595130859
0.3103448275862069,0.5172413793103449,0.029832332862584403,0.020028967282409486
0.3448275862068966,0.5172413793103449,0.042215402538543674,0.028319158570101213
0.3793103448275862,0.5172413793103449,0.0513863327298903,0.03470791520960979
0.41379310344827586,0.5172413793103449,0.05657879688595213,0.038618325529772415
0.4482758620689655,0.5172413793103449,0.05732977569564868,0.039591567562449144
0.48275862068965514,0.5172413793103449,0.05351807809459297,0.03734684426849082
0.5172413793103449,0.5172413793103449,0.0453769101410844,0.03184890025131661
0.5517241379310345,0.5172413793103449,0.033479365293817884,0.0233674636091859
0.5862068965517241,0.5172413793103449,0.01869775502214432,0.01250501229225969
0.6206896551724138,0.5172413793103449,0.002139684818084426,0.0001684239272061564
0.6551724137931034,0.5172413793103449,-0.014934441788852887,-0.01252840492788028
0.6896551724137931,0.5172413793103449,-0.031206373992368898,-0.024421424471541626
0.7241379310344828,0.5172413793103449,-0.04540031951318762,-0.03448036825173298
0.7586206896551724,0.5172413793103449,-0.05638105117934395,-0.04197699158409988
0.7931034482758621,0.5172413793103449,-0.06324237021983635,-0.04660079149702127
0.8275862068965517,0.5172413793103449,-0.06537915192034432,-0.04849925793569334
0.8620689655172413,0.5172413793103449,-0.06253738151378109,-0.04823093172898835
0.896551724137931,0.5172413793103449,-0.05483819747871052,-0.04662748676500139
0.9310344827586207,0.5172413793103449,-0.042773878110500776,-0.04457573891865846
0.9655172413793103,0.5172413793103449,-0.027175793987340532,-0.04276097779733675
1.0,0.5172413793103449,-0.009156449200947662,-0.041451614243536085
0.0,0.5517241379310345,-0.04835659912317461,-0.04028765149353373
0.034482758620689655,0.5517241379310345,-0.052978893784105724,-0.03868854518940143
0.06896551724137931,0.5517241379310345,-0.05330306430228992,-0.03605619885989266
0.10344827586206896,0.5517241379310345,-0.049289100453234605,-0.03187153995023633
0.13793103448275862,0.5517241379310345,-0.04123887661445364,-0.02590618191974977
0.1724137931034483,0.5517241379310345,-0.029773607570302788,-0.018259680701814825
0.20689655172413793,0.5517241379310345,-0.015786597334876615,-0.009302491135368704
0.24137931034482757,0.5517241379310345,-0.00037483867151723825,0.00041762113202301743
0.27586206896551724,0.5517241379310345,0.015245362241959496,0.010260616017752503
0.3103448275862069,0.5517241379310345,0.029832332862584403,0.019553605328030806
0.3448275862068966,0.5517241379310345,0.042215402538543674,0.027628995700874844
0.3793103448275862,0.5517241379310345,0.0513863327298903,0.03385412306314306
0.41379310344827586,0.5517241379310345,0.05657879688595213,0.03766477065955768
0.4482758620689655,0.5517241379310345,0.05732977569564868,0.0386105549996874
0.48275862068965514,0.5517241379310345,0.05351807809459297,0.03641410812032457
0.5172413793103449,0.5517241379310345,0.0453769101410844,0.031038026234721516
0.5517241379310345,0.5517241379310345,0.033479365293817884,0.022744122473165315
0.5862068965517241,0.5517241379310345,0.01869775502214432,0.012121299618739338
0.6206896551724138,0.5517241379310345,0.002139684818084426,5.741594739712492e-05
0.6551724137931034,0.5517241379310345,-0.014934441788852887,-0.012357992007804583
0.6896551724137931,0.5517241379310345,-0.031206373992368898,-0.023990386592545432
0.7241379310344828,0.5517241379310345,-0.04540031951318762,-0.03384300469847335
0.7586206896551724,0.5517241379310345,-0.05638105117934395,-0.04122126645900046
0.7931034482758621,0.5517241379310345,-0.06324237021983635,-0.04584050441953903
0.8275862068965517,0.5517241379310345,-0.06537915192034432,-0.04785451677834676
0.8620689655172413,0.5517241379310345,-0.06253738151378109,-0.04779743321318991
0.896551724137931,0.5517241379310345,-0.05483819747871052,-0.046442650045126876
0.9310344827586207,0.5517241379310345,-0.042773878110500776,-0.04459701116917119
0.9655172413793103,0.5517241379310345,-0.027175793987340532,-0.042872277987747606
1.0,0.5517241379310345,-0.009156449200947662,-0.04150311710934183
0.0,0.5862068965517241,-0.04835659912317461,-0.040135149970730796
0.034482758620689655,0.5862068965517241,-0.052978893784105724,-0.03832735103716935
0.06896551724137931,0.5862068965517241,-0.05330306430228992,-0.03551788176782494
0.10344827586206896,0.5862068965517241,-0.049289100453234605,-0.03124519258729608
0.13793103448275862,0.5862068965517241,-0.04123887661445364,-0.02530344225956931
0.1724137931034483,0.5862068965517241,-0.029773607570302788,-0.017782712921187594
0.20689655172413793,0.5862068965517241,-0.015786597334876615,-0.009025660711681628
0.24137931034482757,0.5862068965517241,-0.00037483867151723825,0.0004525726038931305
0.27586206896551724,0.5862068965517241,0.015245362241959496,0.010041649369286013
0.3103448275862069,0.5862068965517241,0.029832332862584403,0.01909323837564357
0.3448275862068966,0.5862068965517241,0.042215402538543674,0.026959653379378605
0.3793103448275862,0.5862068965517241,0.0513863327298903,0.033024385985344615
0.41379310344827586,0.5862068965517241,0.05657879688595213,0.03673586693118149
0.4482758620689655,0.5862068965517241,0.05732977569564868,0.03765244778074314
0.48275862068965514,0.5862068965517241,0.05351807809459297,0.03550083528585899
0.5172413793103449,0.5862068965517241,0.0453769101410844,0.030242326892253764
0.5517241379310345,0.5862068965517241,0.033479365293817884,0.02213154460111609
0.5862068965517241,0.5862068965517241,0.01869775502214432,0.011744078582443935
0.6206896551724138,0.5862068965517241,0.002139684818084426,-5.16617281069081e-05
0.6551724137931034,0.5862068965517241,-0.014934441788852887,-0.012191470119533034
0.6896551724137931,0.5862068965517241,-0.031206373992368898,-0.023571227883775088
0.7241379310344828,0.5862068965517241,-0.04540031951318762,-0.033227481067634165
0.7586206896551724,0.5862068965517241,-0.05638105117934395,-0.04049709274667398
0.7931034482758621,0.5862068965517241,-0.06324237021983635,-0.04511692518734503
0.8275862068965517,0.5862068965517241,-0.06537915192034432,-0.04724228879579192
0.8620689655172413,0.5862068965517241,-0.06253738151378109,-0.04738060650377607
0.896551724137931,0.5862068965517241,-0.05483819747871052,-0.046250084753761155
0.9310344827586207,0.5862068965517241,-0.042773878110500776,-0.04458639413959385
0.9655172413793103,0.5862068965517241,-0.027175793987340532,-0.042938655915638085
1.0,0.5862068965517241,-0.009156449200947662,-0.041514510124921675
0.0,0.6206896551724138,-0.04835659912317461,-0.03996552219632892
0.034482758620689655,0.6206896551724138,-0.052978893784105724,-0.037972362858428955
0.06896551724137931,0.6206896551724138,-0.05330306430228992,-0.03500506020731478
0.10344827586206896,0.6206896551724138,-0.049289100453234605,-0.030653779734881034
0.13793103448275862,0.6206896551724138,-0.04123887661445364,-0.024734806464069132
0.1724137931034483,0.6206896551724138,-0.029773607570302788,-0.017331937621831935
0.20689655172413793,0.6206896551724138,-0.015786597334876615,-0.008764000208665574
0.24137931034482757,0.6206896551724138,-0.00037483867151723825,0.0004836046217858733
0.27586206896551724,0.6206896551724138,0.015245362241959496,0.009828711433110218
0.3103448275862069,0.6206896551724138,0.029832332862584403,0.01864690287885268
0.3448275862068966,0.6206896551724138,0.042215402538543674,0.026310074783103574
0.3793103448275862,0.6206896551724138,0.0513863327298903,0.032217695875618006
0.41379310344827586,0.6206896551724138,0.05657879688595213,0.0358308144897665
0.4482758620689655,0.6206896551724138,0.05732977569564868,0.03671678586726202
0.48275862068965514,0.6206896551724138,0.05351807809459297,0.034606936278801154
0.5172413793103449,0.6206896551724138,0.0453769101410844,0.02946199244288975
0.5517241379310345,0.6206896551724138,0.033479365293817884,0.021529985896452736
0.5862068965517241,0.6206896551724138,0.01869775502214432,0.011373406847403025
0.6206896551724138,0.6206896551724138,0.002139684818084426,-0.00015916284044701284
0.6551724137931034,0.6206896551724138,-0.014934441788852887,-0.012029604172026826
0.6896551724137931,0.6206896551724138,-0.031206373992368898,-0.023164786455407527
0.7241379310344828,0.6206896551724138,-0.04540031951318762,-0.032634018707856795
0.7586206896551724,0.6206896551724138,-0.05638105117934395,-0.039803313566902615
0.7931034482758621,0.6206896551724138,-0.06324237021983635,-0.044427217376828025
0.8275862068965517,0.6206896551724138,-0.06537915192034432,-0.046658756540394156
0.8620689655172413,0.6206896551724138,-0.06253738151378109,-0.04697735510178138
0.896551724137931,0.6206896551724138,-0.05483819747871052,-0.04604932688778152
0.9310344827586207,0.6206896551724138,-0.042773878110500776,-0.04454686627703513
0.9655172413793103,0.6206896551724138,-0.027175793987340532,-0.04296540791255666
1.0,0.6206896551724138,-0.009156449200947662,-0.0414908167193749
0.0,0.6551724137931034,-0.04835659912317461,-0.03978084600181839
0.034482758620689655,0.6551724137931034,-0.052978893784105724,-0.03762286167295622
0.06896551724137931,0.6551724137931034,-0.05330306430228992,-0.0345150721864984
0.10344827586206896,0.6551724137931034,-0.049289100453234605,-0.030094207216210412
0.13793103448275862,0.6551724137931034,-0.04123887661445364,-0.024197903035255878
0.1724137931034483,0.6551724137931034,-0.029773607570302788,-0.01690611849391716
0.20689655172413793,0.6551724137931034,-0.015786597334876615,-0.008517237023975352
0.24137931034482757,0.6551724137931034,-0.00037483867151723825,0.0005103583148388959
0.27586206896551724,0.6551724137931034,0.015245362241959496,0.009621088082176495
0.3103448275862069,0.6551724137931034,0.029832332862584403,0.018213680589726344
0.3448275862068966,0.6551724137931034,0.042215402538543674,0.025679262874665813
0.3793103448275862,0.6551724137931034,0.0513863327298903,0.031433098731088634
0.41379310344827586,0.6551724137931034,0.05657879688595213,0.034948853193890225
0.4482758620689655,0.6551724137931034,0.05732977569564868,0.03580310599453272
0.48275862068965514,0.6551724137931034,0.05351807809459297,0.03373228201712287
0.5172413793103449,0.6551724137931034,0.0453769101410844,0.028697134256082103
0.5517241379310345,0.6551724137931034,0.033479365293817884,0.02093961717354235
0.5862068965517241,0.6551724137931034,0.01869775502214432,0.011009272344062937
0.6206896551724138,0.6551724137931034,0.002139684818084426,-0.00026544016043396156
0.6551724137931034,0.6551724137931034,-0.014934441788852887,-0.011873055890051932
0.6896551724137931,0.6551724137931034,-0.031206373992368898,-0.0227716763178488
0.7241379310344828,0.6551724137931034,-0.04540031951318762,-0.032062581591634325
0.7586206896551724,0.6551724137931034,-0.05638105117934395,-0.03913864240513524
0.7931034482758621,0.6551724137931034,-0.06324237021983635,-0.04376873601842567
0.8275862068965517,0.6551724137931034,-0.06537915192034432,-0.04610063102608896
0.8620689655172413,0.6551724137931034,-0.06253738151378109,-0.046585215793650284
0.896551724137931,0.6551724137931034,-0.05483819747871052,-0.04584022383372099
0.9310344827586207,0.6551724137931034,-0.042773878110500776,-0.04448112167788745
0.9655172413793103,0.6551724137931034,-0.027175793987340532,-0.04295706372236782
1.0,0.6551724137931034,-0.009156449200947662,-0.04143630993871949
0.0,0.6896551724137931,-0.04835659912317461,-0.03958296420628951
0.034482758620689655,0.6896551724137931,-0.052978893784105724,-0.03727831755412944
0.06896551724137931,0.6896551724137931,-0.05330306430228992,-0.034045652884823405
0.10344827586206896,0.6896551724137931,-0.049289100453234605,-0.029563731369142875
0.13793103448275862,0.6896551724137931,-0.04123887661445364,-0.023690509833687548
0.1724137931034483,0.6896551724137931,-0.029773607570302788,-0.016504008301327377
0.20689655172413793,0.6896551724137931,-0.015786597334876615,-0.008285010664664645
0.24137931034482757,0.6896551724137931,-0.00037483867151723825,0.0005325516851237171
0.27586206896551724,0.6896551724137931,0.015245362241959496,0.009418127997985293
0.3103448275862069,0.6896551724137931,0.029832332862584403,0.017792699493629
0.3448275862068966,0.6896551724137931,0.042215402538543674,0.025066276021861025
0.3793103448275862,0.6896551724137931,0.0513863327298903,0.030669685831827474
0.41379310344827586,0.6896551724137931,0.05657879688595213,0.03408925805267987
0.4482758620689655,0.6896551724137931,0.05732977569564868,0.0349109411143525
0.48275862068965514,0.6896551724137931,0.05351807809459297,0.032876710109809484
0.5172413793103449,0.6896551724137931,0.0453769101410844,0.027947793996330787
0.5517241379310345,0.6896551724137931,0.033479365293817884,0.020360537612294505
0.5862068965517241,0.6896551724137931,0.01869775502214432,0.010651607907561486
0.6206896551724138,0.6896551724137931,0.002139684818084426,-0.0003708313173590362
0.6551724137931034,0.6896551724137931,-0.014934441788852887,-0.011722383873770252
0.6896551724137931,0.6896551724137931,-0.031206373992368898,-0.022392316042720815
0.7241379310344828,0.6896551724137931,-0.04540031951318762,-0.03151294069197343
0.7586206896551724,0.6896551724137931,-0.05638105117934395,-0.03850173099326106
0.7931034482758621,0.6896551724137931,-0.06324237021983635,-0.04313904092107456
0.8275862068965517,0.6896551724137931,-0.06537915192034432,-0.04556506306994055
0.8620689655172413,0.6896551724137931,-0.06253738151378109,-0.046202203633446175
0.896551724137931,0.6896551724137931,-0.05483819747871052,-0.04562282132570351
0.9310344827586207,0.6896551724137931,-0.042773878110500776,-0.044391606867486263
0.9655172413793103,0.6896551724137931,-0.027175793987340532,-0.04291755830545321
1.0,0.6896551724137931,-0.009156449200947662,-0.04135468840206881
0.0,0.7241379310344828,-0.04835659912317461,-0.039373514303600546
0.034482758620689655,0.7241379310344828,-0.052978893784105724,-0.036938342187510936
0.06896551724137931,0.7241379310344828,-0.05330306430228992,-0.03359489900082274
0.10344827586206896,0.7241379310344828,-0.049289100453234605,-0.02905991810525774
0.13793103448275862,0.7241379310344828,-0.04123887661445364,-0.023210573989506125
0.1724137931034483,0.7241379310344828,-0.029773607570302788,-0.016124357287373166
0.20689655172413793,0.7241379310344828,-0.015786597334876615,-0.008066904343621928
0.24137931034482757,0.7241379310344828,-0.00037483867151723825,0.0005499901844239124
0.27586206896551724,0.7241379310344828,0.015245362241959496,0.009219233003494885
0.3103448275862069,0.7241379310344828,0.029832332862584403,0.017383153376030476
0.3448275862068966,0.7241379310344828,0.042215402538543674,0.02447021460488173
0.3793103448275862,0.7241379310344828,0.0513863327298903,0.029926606852684293
0.41379310344827586,0.7241379310344828,0.05657879688595213,0.03325132266003098
0.4482758620689655,0.7241379310344828,0.05732977569564868,0.03403983475717807
0.48275862068965514,0.7241379310344828,0.05351807809459297,0.03204001158071858
0.5172413793103449,0.7241379310344828,0.0453769101410844,0.027213961609263596
0.5517241379310345,0.7241379310344828,0.033479365293817884,0.01979276628013706
0.5862068965517241,0.7241379310344828,0.01869775502214432,0.01030031494295896
0.6206896551724138,0.7241379310344828,0.002139684818084426,-0.0004756631722965602
0.6551724137931034,0.7241379310344828,-0.014934441788852887,-0.011578027511865346
0.6896551724137931,0.7241379310344828,-0.031206373992368898,-0.022026958708489853
0.7241379310344828,0.7241379310344828,-0.04540031951318762,-0.03098469481046648
0.7586206896551724,0.7241379310344828,-0.05638105117934395,-0.03789121783587018
0.7931034482758621,0.7241379310344828,-0.06324237021983635,-0.04253588853087372
0.8275862068965517,0.7241379310344828,-0.06537915192034432,-0.04504961732077057
0.8620689655172413,0.7241379310344828,-0.06253738151378109,-0.04582673402869266
0.896551724137931,0.7241379310344828,-0.05483819747871052,-0.04539733443291431
0.9310344827586207,0.7241379310344828,-0.042773878110500776,-0.0442805222217645
0.9655172413793103,0.7241379310344828,-0.027175793987340532,-0.04285030773002427
1.0,0.7241379310344828,-0.009156449200947662,-0.04124912476494826
0.0,0.7586206896551724,-0.04835659912317461,-0.03915397449814487
0.034482758620689655,0.7586206896551724,-0.052978893784105724,-0.03660263196232041
0.06896551724137931,0.7586206896551724,-0.05330306430228992,-0.033161179596870184
0.10344827586206896,0.7586206896551724,-0.049289100453234605,-0.02858057532693841
0.13793103448275862,0.7586206896551724,-0.04123887661445364,-0.02275620086423648
0.1724137931034483,0.7586206896551724,-0.029773607570302788,-0.015765928170927302
0.20689655172413793,0.7586206896551724,-0.015786597334876615,-0.00786246948462
0.24137931034482757,0.7586206896551724,-0.00037483867151723825,0.0005625563286603619
0.27586206896551724,0.7586206896551724,0.015245362241959496,0.009023850898623653
0.3103448275862069,0.7586206896551724,0.029832332862584403,0.016984299607333966
0.3448275862068966,0.7586206896551724,0.042215402538543674,0.023890212986397614
0.3793103448275862,0.7586206896551724,0.0513863327298903,0.02920306323291865
0.41379310344827586,0.7586206896551724,0.05657879688595213,0.03243435262515084
0.4482758620689655,0.7586206896551724,0.05732977569564868,0.033189341230386325
0.48275862068965514,0.7586206896551724,0.05351807809459297,0.03122193634905602
0.5172413793103449,0.7586206896551724,0.0453769101410844,0.026495587035692415
0.5517241379310345,0.7586206896551724,0.033479365293817884,0.01923625653466934
0.5862068965517241,0.7586206896551724,0.01869775502214432,0.009955276974391043
0.6206896551724138,0.7586206896551724,0.002139684818084426,-0.0005802476334625587
0.6551724137931034,0.7586206896551724,-0.014934441788852887,-0.011440319971055218
0.6896551724137931,0.7586206896551724,-0.031206373992368898,-0.021675729291543704
0.7241379310344828,0.7586206896551724,-0.04540031951318762,-0.030477318538511582
0.7586206896551724,0.7586206896551724,-0.05638105117934395,-0.03730576140464832
0.7931034482758621,0.7586206896551724,-0.06324237021983635,-0.04195720826584669
0.8275862068965517,0.7586206896551724,-0.06537915192034432,-0.04455218867243189
0.8620689655172413,0.7586206896551724,-0.06253738151378109,-0.04545750933537542
0.896551724137931,0.7586206896551724,-0.05483819747871052,-0.045164088456258945
0.9310344827586207,0.7586206896551724,-0.042773878110500776,-0.04414986175135786
0.9655172413793103,0.7586206896551724,-0.027175793987340532,-0.04275834084115926
1.0,0.7586206896551724,-0.009156449200947662,-0.04112239017243849
0.0,0.7931034482758621,-0.04835659912317461,-0.038925611460633086
0.034482758620689655,0.7931034482758621,-0.052978893784105724,-0.03627100493613897
0.06896551724137931,0.7931034482758621,-0.05330306430228992,-0.03274306046652092
0.10344827586206896,0.7931034482758621,-0.049289100453234605,-0.028123803256657077
0.13793103448275862,0.7931034482758621,-0.04123887661445364,-0.0223256099911033
0.1724137931034483,0.7931034482758621,-0.029773607570302788,-0.015427569770927992
0.20689655172413793,0.7931034482758621,-0.015786597334876615,-0.0076711823110137845
0.24137931034482757,0.7931034482758621,-0.00037483867151723825,0.0005701516366071003
0.27586206896551724,0.7931034482758621,0.015245362241959496,0.008831535752189085
0.3103448275862069,0.7931034482758621,0.029832332862584403,0.016595410478428517
0.3448275862068966,0.7931034482758621,0.042215402538543674,0.023325499785962392
0.3793103448275862,0.7931034482758621,0.0513863327298903,0.028498256708598697
0.41379310344827586,0.7931034482758621,0.05657879688595213,0.03163772154770432
0.4482758620689655,0.7931034482758621,0.05732977569564868,0.032358973178410994
0.48275862068965514,0.7931034482758621,0.05351807809459297,0.03042224770038557
0.5172413793103449,0.7931034482758621,0.0453769101410844,0.02579252975540499
0.5517241379310345,0.7931034482758621,0.033479365293817884,0.018690952563109323
0.5862068965517241,0.7931034482758621,0.01869775502214432,0.009616314628864382
0.6206896551724138,0.7931034482758621,0.002139684818084426,-0.0006848227231333659
0.6551724137931034,0.7931034482758621,-0.014934441788852887,-0.011309538174604082
0.6896551724137931,0.7931034482758621,-0.031206373992368898,-0.02133858322453672
0.7241379310344828,0.7931034482758621,-0.04540031951318762,-0.029990237022257275
0.7586206896551724,0.7931034482758621,-0.05638105117934395,-0.03674401301834587
0.7931034482758621,0.7931034482758621,-0.06324237021983635,-0.04140116623908743
0.8275862068965517,0.7931034482758621,-0.06537915192034432,-0.044070936130776145
0.8620689655172413,0.7931034482758621,-0.06253738151378109,-0.04509354227308822
0.896551724137931,0.7931034482758621,-0.05483819747871052,-0.04492344018868066
0.9310344827586207,0.7931034482758621,-0.042773878110500776,-0.04400146552345073
0.9655172413793103,0.7931034482758621,-0.027175793987340532,-0.04264426596745327
1.0,0.7931034482758621,-0.009156449200947662,-0.04097693149212384
0.0,0.8275862068965517,-0.04835659912317461,-0.03868959513815191
0.034482758620689655,0.8275862068965517,-0.052978893784105724,-0.035943297997646194
0.06896551724137931,0.8275862068965517,-0.05330306430228992,-0.03233931735281042
0.10344827586206896,0.8275862068965517,-0.049289100453234605,-0.027687858183774356
0.13793103448275862,0.8275862068965517,-0.04123887661445364,-0.02191718170079265
0.1724137931034483,0.8275862068965517,-0.029773607570302788,-0.015108135797536913
0.20689655172413793,0.8275862068965517,-0.015786597334876615,-0.007492531355948777
0.24137931034482757,0.8275862068965517,-0.00037483867151723825,0.0005727630972936571
0.27586206896551724,0.8275862068965517,0.015245362241959496,0.008641860111006526
0.3103448275862069,0.8275862068965517,0.029832332862584403,0.016215841684114718
0.3448275862068966,0.8275862068965517,0.042215402538543674,0.02277530929278955
0.3793103448275862,0.8275862068965517,0.0513863327298903,0.027811455740733872
0.41379310344827586,0.8275862068965517,0.05657879688595213,0.030860784688696713
0.4482758620689655,0.8275862068965517,0.05732977569564868,0.031548274196753094
0.48275862068965514,0.8275862068965517,0.05351807809459297,0.029640647703006534
0.5172413793103449,0.8275862068965517,0.0453769101410844,0.02510464184277281
0.5517241379310345,0.8275862068965517,0.033479365293817884,0.0181567238192476
0.5862068965517241,0.8275862068965517,0.01869775502214432,0.009283267982109046
0.6206896551724138,0.8275862068965517,0.002139684818084426,-0.0007896282336642096
0.6551724137931034,0.8275862068965517,-0.014934441788852887,-0.011185843364270422
0.6896551724137931,0.8275862068965517,-0.031206373992368898,-0.021015407024678162
0.7241379310344828,0.8275862068965517,-0.04540031951318762,-0.029522777031236107
0.7586206896551724,0.8275862068965517,-0.05638105117934395,-0.03620469287337094
0.7931034482758621,0.8275862068965517,-0.06324237021983635,-0.04086605304751082
0.8275862068965517,0.8275862068965517,-0.06537915192034432,-0.04360428554781191
0.8620689655172413,0.8275862068965517,-0.06253738151378109,-0.0447340098028037
0.896551724137931,0.8275862068965517,-0.05483819747871052,-0.044675827232527915
0.9310344827586207,0.8275862068965517,-0.042773878110500776,-0.04383698938373909
0.9655172413793103,0.8275862068965517,-0.027175793987340532,-0.04251044179555047
1.0,0.8275862068965517,-0.009156449200947662,-0.04081488772956652
0.0,0.8620689655172413,-0.04835659912317461,-0.038446950205313225
0.034482758620689655,0.8620689655172413,-0.052978893784105724,-0.03561940091854314
0.06896551724137931,0.8620689655172413,-0.05330306430228992,-0.03194888167983748
0.10344827586206896,0.8620689655172413,-0.049289100453234605,-0.027271202582138745
0.13793103448275862,0.8620689655172413,-0.04123887661445364,-0.021529428909393127
0.1724137931034483,0.8620689655172413,-0.029773607570302788,-0.014806553930307949
0.20689655172413793,0.8620689655172413,-0.015786597334876615,-0.007325988697197404
0.24137931034482757,0.8620689655172413,-0.00037483867151723825,0.0005704098837290448
0.27586206896551724,0.8620689655172413,0.015245362241959496,0.008454464868351464
0.3103448275862069,0.8620689655172413,0.029832332862584403,0.015844994922052692
0.3448275862068966,0.8620689655172413,0.042215402538543674,0.022238938995727972
0.3793103448275862,0.8620689655172413,0.0513863327298903,0.027141959225849912
0.41379310344827586,0.8620689655172413,0.05657879688595213,0.0301029342090705
0.4482758620689655,0.8620689655172413,0.05732977569564868,0.030756780326502368
0.48275862068965514,0.8620689655172413,0.05351807809459297,0.028876830566874425
0.5172413793103449,0.8620689655172413,0.0453769101410844,0.02443173013323059
0.5517241379310345,0.8620689655172413,0.033479365293817884,0.017633419421469825
0.5862068965517241,0.8620689655172413,0.01869775502214432,0.008955960087993544
0.6206896551724138,0.8620689655172413,0.002139684818084426,-0.0008948562596957878
0.6551724137931034,0.8620689655172413,-0.014934441788852887,-0.011069331424279717
0.6896551724137931,0.8620689655172413,-0.031206373992368898,-0.020705993120384313
0.7241379310344828,0.8620689655172413,-0.04540031951318762,-0.029074241670867303
0.7586206896551724,0.8620689655172413,-0.05638105117934395,-0.035686575085809344
0.7931034482758621,0.8620689655172413,-0.06324237021983635,-0.04035034319211428
0.8275862068965517,0.8620689655172413,-0.06537915192034432,-0.04315087808772346
0.8620689655172413,0.8620689655172413,-0.06253738151378109,-0.044378274760563705
0.896551724137931,0.8620689655172413,-0.05483819747871052,-0.04442169955292202
0.9310344827586207,0.8620689655172413,-0.042773878110500776,-0.043657938434580254
0.9655172413793103,0.8620689655172413,-0.027175793987340532,-0.04235893460866572
1.0,0.8620689655172413,-0.009156449200947662,-0.040638139955382686
0.0,0.896551724137931,-0.04835659912317461,-0.03819859651127141
0.034482758620689655,0.896551724137931,-0.052978893784105724,-0.03529922859005796
0.06896551724137931,0.896551724137931,-0.05330306430228992,-0.031570818246737485
0.10344827586206896,0.896551724137931,-0.049289100453234605,-0.026872451255928843
0.13793103448275862,0.896551724137931,-0.04123887661445364,-0.02116098752298589
0.1724137931034483,0.896551724137931,-0.029773607570302788,-0.014521802943171876
0.20689655172413793,0.896551724137931,-0.015786597334876615,-0.007171028511470013
0.24137931034482757,0.896551724137931,-0.00037483867151723825,0.0005631509974400574
0.27586206896551724,0.896551724137931,0.015245362241959496,0.008269035870868413
0.3103448275862069,0.896551724137931,0.029832332862584403,0.015482325061810817
0.3448275862068966,0.896551724137931,0.042215402538543674,0.021715725851299425
0.3793103448275862,0.896551724137931,0.0513863327298903,0.026489103383217236
0.41379310344827586,0.896551724137931,0.05657879688595213,0.02936357702563824
0.4482758620689655,0.896551724137931,0.05732977569564868,0.029984031513545964
0.48275862068965514,0.896551724137931,0.05351807809459297,0.02813046791020759
0.5172413793103449,0.896551724137931,0.0453769101410844,0.023773575427878404
0.5517241379310345,0.896551724137931,0.033479365293817884,0.017120858889233516
0.5862068965517241,0.896551724137931,0.01869775502214432,0.008634215476733162
0.6206896551724138,0.896551724137931,0.002139684818084426,-0.001000668731912722
0.6551724137931034,0.896551724137931,-0.014934441788852887,-0.010960029087719269
0.6896551724137931,0.896551724137931,-0.031206373992368898,-0.02041007045668961
0.7241379310344828,0.896551724137931,-0.04540031951318762,-0.028643906695899453
0.7586206896551724,0.896551724137931,-0.05638105117934395,-0.03518849618199565
0.7931034482758621,0.896551724137931,-0.06324237021983635,-0.03985265082757436
0.8275862068965517,0.896551724137931,-0.06537915192034432,-0.04270953949807913
0.8620689655172413,0.896551724137931,-0.06253738151378109,-0.04402583141875809
0.896551724137931,0.896551724137931,-0.05483819747871052,-0.04416152426076538
0.9310344827586207,0.896551724137931,-0.042773878110500776,-0.04346568299924904
0.9655172413793103,0.896551724137931,-0.027175793987340532,-0.04219159149283494
1.0,0.896551724137931,-0.009156449200947662,-0.04044835260963907
0.0,0.9310344827586207,-0.04835659912317461,-0.03794535910325758
0.034482758620689655,0.9310344827586207,-0.052978893784105724,-0.03498272904987318
0.06896551724137931,0.9310344827586207,-0.05330306430228992,-0.03120427302521968
0.10344827586206896,0.9310344827586207,-0.049289100453234605,-0.02649034755757188
0.13793103448275862,0.9310344827586207,-0.04123887661445364,-0.02081056775331971
0.1724137931034483,0.9310344827586207,-0.029773607570302788,-0.014252914312749259
0.20689655172413793,0.9310344827586207,-0.015786597334876615,-0.00702710713305076
0.24137931034482757,0.9310344827586207,-0.00037483867151723825,0.0005510624030633759
0.27586206896551724,0.9310344827586207,0.015245362241959496,0.008085311936747592
0.3103448275862069,0.9310344827586207,0.029832332862584403,0.015127311374389591
0.3448275862068966,0.9310344827586207,0.042215402538543674,0.02120505135143526
0.3793103448275862,0.9310344827586207,0.0513863327298903,0.02585223225265469
0.41379310344827586,0.9310344827586207,0.05657879688595213,0.02864214188331872
0.4482758620689655,0.9310344827586207,0.05732977569564868,0.02922954762084191
0.48275862068965514,0.9310344827586207,0.05351807809459297,0.02740122367528193
0.5172413793103449,0.9310344827586207,0.0453769101410844,0.023129916793498205
0.5517241379310345,0.9310344827586207,0.033479365293817884,0.01661885217120852
0.5862068965517241,0.9310344827586207,0.01869775502214432,0.008317844050632659
0.6206896551724138,0.9310344827586207,0.002139684818084426,-0.0011071844970082798
0.6551724137931034,0.9310344827586207,-0.014934441788852887,-0.010857920215567926
0.6896551724137931,0.9310344827586207,-0.031206373992368898,-0.020127297380747512
0.7241379310344828,0.9310344827586207,-0.04540031951318762,-0.02823103875018163
0.7586206896551724,0.9310344827586207,-0.05638105117934395,-0.034709321968272554
0.7931034482758621,0.9310344827586207,-0.06324237021983635,-0.03937171138378874
0.8275862068965517,0.9310344827586207,-0.06537915192034432,-0.042279218900882466
0.8620689655172413,0.9310344827586207,-0.06253738151378109,-0.04367628953694678
0.896551724137931,0.9310344827586207,-0.05483819747871052,-0.043895766479994394
0.9310344827586207,0.9310344827586207,-0.042773878110500776,-0.04326151081325228
0.9655172413793103,0.9310344827586207,-0.027175793987340532,-0.0420100820351451
1.0,0.9310344827586207,-0.009156449200947662,-0.040247046051110076
0.0,0.9655172413793103,-0.04835659912317461,-0.037687978532396166
0.034482758620689655,0.9655172413793103,-0.052978893784105724,-0.034669846415901165
0.06896551724137931,0.9655172413793103,-0.05330306430228992,-0.030848527153462993
0.10344827586206896,0.9655172413793103,-0.049289100453234605,-0.02612376513765237
0.13793103448275862,0.9655172413793103,-0.04123887661445364,-0.02047703140334234
0.1724137931034483,0.9655172413793103,-0.029773607570302788,-0.013998975217977227
0.20689655172413793,0.9655172413793103,-0.015786597334876615,-0.006893721652439697
0.24137931034482757,0.9655172413793103,-0.00037483867151723825,0.0005342644892085451
0.27586206896551724,0.9655172413793103,0.015245362241959496,0.007903058007861263
0.3103448275862069,0.9655172413793103,0.029832332862584403,0.014779510095269795
0.3448275862068966,0.9655172413793103,0.042215402538543674,0.02070632986264676
0.3793103448275862,0.9655172413793103,0.0513863327298903,0.02523075557103478
0.41379310344827586,0.9655172413793103,0.05657879688595213,0.027938066120426517
0.4482758620689655,0.9655172413793103,0.05732977569564868,0.028492880351542484
0.48275862068965514,0.9655172413793103,0.05351807809459297,0.02668873436652736
0.5172413793103449,0.9655172413793103,0.0453769101410844,0.02250049793275328
0.5517241379310345,0.9655172413793103,0.033479365293817884,0.016127176971914903
0.5862068965517241,0.9655172413793103,0.01869775502214432,0.008006684510080428
0.6206896551724138,0.9655172413793103,0.002139684818084426,-0.0012145087408705312
0.6551724137931034,0.9655172413793103,-0.014934441788852887,-0.010762918313488546
0.6896551724137931,0.9655172413793103,-0.031206373992368898,-0.019857316975801162
0.7241379310344828,0.9655172413793103,-0.04540031951318762,-0.027834898096544592
0.7586206896551724,0.9655172413793103,-0.05638105117934395,-0.034248025878366166
0.7931034482758621,0.9655172413793103,-0.06324237021983635,-0.038906387870508166
0.8275862068965517,0.9655172413793103,-0.06537915192034432,-0.04185904635457918
0.8620689655172413,0.9655172413793103,-0.06253738151378109,-0.043329339783344675
0.896551724137931,0.9655172413793103,-0.05483819747871052,-0.0436248992965458
0.9310344827586207,0.9655172413793103,-0.042773878110500776,-0.043046552352727946
0.9655172413793103,0.9655172413793103,-0.027175793987340532,-0.04181588686779196
1.0,0.9655172413793103,-0.009156449200947662,-0.04003552267039277
0.0,1.0,-0.04835659912317461,-0.037427116339403745
0.034482758620689655,1.0,-0.052978893784105724,-0.03436055434015794
0.06896551724137931,1.0,-0.05330306430228992,-0.030502903917835354
0.10344827586206896,1.0,-0.049289100453234605,-0.025771679100825673
0.13793103448275862,1.0,-0.04123887661445364,-0.02015928661563933
0.1724137931034483,1.0,-0.029773607570302788,-0.013759127566292757
0.20689655172413793,1.0,-0.015786597334876615,-0.0067703506207465744
0.24137931034482757,1.0,-0.00037483867151723825,0.0005128778452080986
0.27586206896551724,1.0,0.015245362241959496,0.007722089780036939
0.3103448275862069,1.0,0.029832332862584403,0.014438487954973918
0.3448275862068966,1.0,0.042215402538543674,0.020219021361659924
0.3793103448275862,1.0,0.0513863327298903,0.024624079337602932
0.41379310344827586,1.0,0.05657879688595213,0.02725081253747714
0.4482758620689655,1.0,0.05732977569564868,0.02777355447403381
0.48275862068965514,1.0,0.05351807809459297,0.02599263948230999
0.5172413793103449,1.0,0.0453769101410844,0.021885021635836752
0.5517241379310345,1.0,0.033479365293817884,0.01564561649707041
0.5862068965517241,1.0,0.01869775502214432,0.007700558638305718
0.6206896551724138,1.0,0.002139684818084426,-0.0013227014492484567
0.6551724137931034,1.0,-0.014934441788852887,-0.010674915985100635
0.6896551724137931,1.0,-0.031206373992368898,-0.019599716034719227
0.7241379310344828,1.0,-0.04540031951318762,-0.027454757881937793
0.7586206896551724,1.0,-0.05638105117934395,-0.03380360054130839
0.7931034482758621,1.0,-0.06324237021983635,-0.03845564409887048
0.8275862068965517,1.0,-0.06537915192034432,-0.04144822575992888
0.8620689655172413,1.0,-0.06253738151378109,-0.04298475753592917
0.896551724137931,1.0,-0.05483819747871052,-0.04334937634518849
0.9310344827586207,1.0,-0.042773878110500776,-0.04282188770871904
0.9655172413793103,1.0,-0.027175793987340532,-0.041610352124188045
1.0,1.0,-0.009156449200947662,-0.039814996013343
